"Name","Label","Variant Of","Weight","AES"
"ARC_Darc_P","Starbase ARC (Aftermath)","arc_standard_p",1,"x99rEyUqzHFHu1HJitfjS3/lALd/pfqyk+LyTmsX53k="
"ARC_P","ARCtagon","",0.5,"x99rEyUqzHFHu1HJitfjS3/lALd/pfqyk+LyTmsX53k="
"arc_standard_p","Starbase ARC","",0.7,"x99rEyUqzHFHu1HJitfjS3/lALd/pfqyk+LyTmsX53k="
"bb_p","Champions Field (NFL)","",1,"1XCdxHYunyR2L/KPHpzib1tSgjD5QPc4xVG8LZRlLT4="
"Beach_Night_GRS_P","Salty Shores (Salty Fest)","beach_P",0.5,"x99rEyUqzHFHu1HJitfjS3/lALd/pfqyk+LyTmsX53k="
"beach_night_p","Salty Shores (Night)","beach_P",2,"x99rEyUqzHFHu1HJitfjS3/lALd/pfqyk+LyTmsX53k="
"beach_P","Salty Shores","",0.5,"x99rEyUqzHFHu1HJitfjS3/lALd/pfqyk+LyTmsX53k="
"CHN_Stadium_Day_P","Forbidden Temple (Day)","CHN_Stadium_P",1,"1FjeqdT5bfTfkO4O2/knHf6S68xJa+CWxWgN7PS784o="
"CHN_Stadium_P","Forbidden Temple","",1.3,"FVzTEt71pU93PZGE3283wjZiyeiJhVxUNXgwW36EH7k="
"cs_day_p","Champions Field (Day)","cs_p",1.3,"x99rEyUqzHFHu1HJitfjS3/lALd/pfqyk+LyTmsX53k="
"cs_hw_p","Rivals Arena","",1,"x99rEyUqzHFHu1HJitfjS3/lALd/pfqyk+LyTmsX53k="
"cs_p","Champions Field","",1.3,"x99rEyUqzHFHu1HJitfjS3/lALd/pfqyk+LyTmsX53k="
"EuroStadium_Dusk_P","Mannfield (Dusk)","EuroStadium_P",1,"x99rEyUqzHFHu1HJitfjS3/lALd/pfqyk+LyTmsX53k="
"EuroStadium_Night_P","Mannfield (Night)","EuroStadium_P",1.3,"x99rEyUqzHFHu1HJitfjS3/lALd/pfqyk+LyTmsX53k="
"EuroStadium_P","Mannfield","",1.3,"x99rEyUqzHFHu1HJitfjS3/lALd/pfqyk+LyTmsX53k="
"EuroStadium_Rainy_P","Mannfield (Stormy)","EuroStadium_P",1,"x99rEyUqzHFHu1HJitfjS3/lALd/pfqyk+LyTmsX53k="
"eurostadium_snownight_p","Mannfield (Snowy)","EuroStadium_P",1.3,"x99rEyUqzHFHu1HJitfjS3/lALd/pfqyk+LyTmsX53k="
"Farm_GRS_P","Farmstead (Pitched)","farm_p",1,"x99rEyUqzHFHu1HJitfjS3/lALd/pfqyk+LyTmsX53k="
"Farm_HW_P","Farmstead (Spooky)","farm_p",1,"x99rEyUqzHFHu1HJitfjS3/lALd/pfqyk+LyTmsX53k="
"Farm_Night_P","Farmstead (Night)","farm_p",1,"oIraI7IXuxVZg6zGtWkAGPRfgys7pnl286/sMIyoHkI="
"farm_p","Farmstead","",0.5,"x99rEyUqzHFHu1HJitfjS3/lALd/pfqyk+LyTmsX53k="
"FF_Dusk_P","Estadio Vida","",1,"x99rEyUqzHFHu1HJitfjS3/lALd/pfqyk+LyTmsX53k="
"FNI_Stadium_P","Forbidden Temple (Fire & Ice)","CHN_Stadium_P",1,"ONbgrtdar7O+TBniWgRhUU1aTgStpkIQoFx6tk7F/EY="
"Haunted_TrainStation_P","Urban Central (Haunted)","",1,"x99rEyUqzHFHu1HJitfjS3/lALd/pfqyk+LyTmsX53k="
"HoopsStadium_P","Dunk House","",1,"x99rEyUqzHFHu1HJitfjS3/lALd/pfqyk+LyTmsX53k="
"hoopsStreet_p","The Block","",1,"x99rEyUqzHFHu1HJitfjS3/lALd/pfqyk+LyTmsX53k="
"KO_Calavera_P","Calavera","",1,"4DQBgR7JWh/K1BSYdsKqJu33gz9aO0agZaN8uTjssoE="
"KO_Carbon_P","Carbon","",1,"OrAtsUZBvM1zynH53idjV7BK/izW2P8pyYP8L3UyyMs="
"KO_Quadron_P","Quadron","",1,"78Q/9SuBxcVfIVTR35C/w0gmrBD7HiS1Vhe2fVpcSSE="
"Labs_4v4_Arena15_Blackout_P","Midnight Metro (Quads)","",1,"x99rEyUqzHFHu1HJitfjS3/lALd/pfqyk+LyTmsX53k="
"Labs_4v4_Arena15_EuroStadium_Night_P","Mannfield (Quads)","",1,"x99rEyUqzHFHu1HJitfjS3/lALd/pfqyk+LyTmsX53k="
"Labs_4v4_Arena15_Retro_P","Sunset Dunes (Quads)","",1,"x99rEyUqzHFHu1HJitfjS3/lALd/pfqyk+LyTmsX53k="
"Labs_Basin_P","Basin","",1,"V9Irfj1K3ICHvOw4M/QqLC41Z4iq1llHWZHo+iS8K/w="
"Labs_CirclePillars_P","Pillars","",1,"x99rEyUqzHFHu1HJitfjS3/lALd/pfqyk+LyTmsX53k="
"Labs_Corridor_P","Corridor","",1,"IBGG8spG+gO8pRvuxpCA79BzZvPHrZiKQu+5fCAcYRA="
"Labs_Cosmic_P","Cosmic","",1,"x99rEyUqzHFHu1HJitfjS3/lALd/pfqyk+LyTmsX53k="
"Labs_Cosmic_V4_P","Cosmic","",1,"x99rEyUqzHFHu1HJitfjS3/lALd/pfqyk+LyTmsX53k="
"Labs_DoubleGoal_P","Double Goal","",1,"x99rEyUqzHFHu1HJitfjS3/lALd/pfqyk+LyTmsX53k="
"Labs_DoubleGoal_V2_P","Double Goal","",1,"x99rEyUqzHFHu1HJitfjS3/lALd/pfqyk+LyTmsX53k="
"Labs_Galleon_Mast_P","Galleon Retro","",1,"kZoaojS9xxHekYH0E2NaskAD49iC9qBxdGSre+Imyf0="
"Labs_Galleon_P","Galleon","",1,"3pWKdc/rHeV99g5Y/VDvXuAsKYu624sb3Zx0qzQUF6I="
"Labs_Holyfield_P","Loophole","",1,"52LPp8R/LKaqDu5xap6aZneuGil5duXP6omNnEMZCE8="
"Labs_Holyfield_Space_P","Force Field","",1,"ztnMCSDQ8Rngp9ulBogjPqP8RKYNNCDikONyrrlScjw="
"Labs_Octagon_02_P","Octagon","",1,"x99rEyUqzHFHu1HJitfjS3/lALd/pfqyk+LyTmsX53k="
"Labs_Octagon_B2B_02_P","Roadblock","",1,"x99rEyUqzHFHu1HJitfjS3/lALd/pfqyk+LyTmsX53k="
"Labs_Octagon_P","Octagon","",1,"x99rEyUqzHFHu1HJitfjS3/lALd/pfqyk+LyTmsX53k="
"Labs_PillarGlass_P","Hourglass","",1,"EBppOX1eZp4rLLQOn7/iPnOUZxX9ZrD/acjiarPqYfg="
"Labs_PillarHeat_P","Barricade","",1,"d1iUi+l4BMvh173DLJigIvL0AOrRGCdY1mV6xsy4J+Q="
"Labs_PillarWings_P","Colossus","",1,"uUsq4cd4zAywYS9PcMegKgYx6fgph9oDtlqhQsKgvw8="
"Labs_Underpass_P","Underpass","",1,"x99rEyUqzHFHu1HJitfjS3/lALd/pfqyk+LyTmsX53k="
"Labs_Utopia_P","Utopia Retro","",1,"x99rEyUqzHFHu1HJitfjS3/lALd/pfqyk+LyTmsX53k="
"mall_day_p","Boostfield Mall","",1,"x99rEyUqzHFHu1HJitfjS3/lALd/pfqyk+LyTmsX53k="
"music_p","Neon Fields","",1.3,"S6yOB1m+JNkToe49WSrBqN0fFF1NxMkeqSDDW583DIk="
"NeoTokyo_Arcade_P","Neo Tokyo (Arcade)","NeoTokyo_Standard_P",1,"x99rEyUqzHFHu1HJitfjS3/lALd/pfqyk+LyTmsX53k="
"NeoTokyo_Hax_P","Neo Tokyo (Hacked)","NeoTokyo_Standard_P",1,"x99rEyUqzHFHu1HJitfjS3/lALd/pfqyk+LyTmsX53k="
"NeoTokyo_P","Tokyo Underpass","",1,"x99rEyUqzHFHu1HJitfjS3/lALd/pfqyk+LyTmsX53k="
"NeoTokyo_Standard_P","Neo Tokyo","",1,"x99rEyUqzHFHu1HJitfjS3/lALd/pfqyk+LyTmsX53k="
"NeoTokyo_Toon_p","Neo Tokyo (Comic)","NeoTokyo_Standard_P",1,"x99rEyUqzHFHu1HJitfjS3/lALd/pfqyk+LyTmsX53k="
"Outlaw_Oasis_P","Deadeye Canyon (Oasis)","outlaw_p",1,"x99rEyUqzHFHu1HJitfjS3/lALd/pfqyk+LyTmsX53k="
"outlaw_p","Deadeye Canyon","",0.7,"x99rEyUqzHFHu1HJitfjS3/lALd/pfqyk+LyTmsX53k="
"Paname_Dusk_P","Parc de Paris","",0.5,"x99rEyUqzHFHu1HJitfjS3/lALd/pfqyk+LyTmsX53k="
"park_bman_p","Beckwith Park ()","Park_P",0.5,"9Qhd9mA5HjcKEDev8zXKHrXtMLdofdDcV9tZcvHyG58="
"Park_Night_P","Beckwith Park (Midnight)","Park_P",1,"x99rEyUqzHFHu1HJitfjS3/lALd/pfqyk+LyTmsX53k="
"Park_P","Beckwith Park","",1,"x99rEyUqzHFHu1HJitfjS3/lALd/pfqyk+LyTmsX53k="
"Park_Rainy_P","Beckwith Park (Stormy)","Park_P",1,"x99rEyUqzHFHu1HJitfjS3/lALd/pfqyk+LyTmsX53k="
"Park_Snowy_P","Beckwith Park (Snowy)","Park_P",1,"hiyGeBp7lradg0wD+GmL0RJwF8iJpH7v3wa15LxoFsM="
"ShatterShot_P","Core 707","",1,"x99rEyUqzHFHu1HJitfjS3/lALd/pfqyk+LyTmsX53k="
"STADIUM_10A_P","DFH Stadium (10th Anniversary)","Stadium_P",1,"x99rEyUqzHFHu1HJitfjS3/lALd/pfqyk+LyTmsX53k="
"stadium_day_p","DFH Stadium (Day)","Stadium_P",1.3,"x99rEyUqzHFHu1HJitfjS3/lALd/pfqyk+LyTmsX53k="
"Stadium_Foggy_P","DFH Stadium (Stormy)","Stadium_P",1,"x99rEyUqzHFHu1HJitfjS3/lALd/pfqyk+LyTmsX53k="
"Stadium_P","DFH Stadium","",1.3,"x99rEyUqzHFHu1HJitfjS3/lALd/pfqyk+LyTmsX53k="
"Stadium_Race_Day_p","DFH Stadium (Circuit)","Stadium_P",1,"6Fwu7qbx9G/ljzyafocjdTQUqiSjS67eC0TezKMAhmE="
"Stadium_Winter_P","DFH Stadium (Snowy)","Stadium_P",1,"x99rEyUqzHFHu1HJitfjS3/lALd/pfqyk+LyTmsX53k="
"street_p","Sovereign Heights","",1,"x99rEyUqzHFHu1HJitfjS3/lALd/pfqyk+LyTmsX53k="
"swoosh_p","Champions Field (Nike FC)","cs_p",1,"x99rEyUqzHFHu1HJitfjS3/lALd/pfqyk+LyTmsX53k="
"throwbackhockey_p","Throwback Stadium (Snowy)","",1,"scND/HxSTunOdxY8aAI0qQezZ9AIZGjT4f7C6VIkiug="
"throwbackstadium_P","Throwback Stadium","",1,"x99rEyUqzHFHu1HJitfjS3/lALd/pfqyk+LyTmsX53k="
"TrainStation_Dawn_P","Urban Central (Dawn)","TrainStation_P",1,"x99rEyUqzHFHu1HJitfjS3/lALd/pfqyk+LyTmsX53k="
"TrainStation_Night_P","Urban Central (Night)","TrainStation_P",1,"x99rEyUqzHFHu1HJitfjS3/lALd/pfqyk+LyTmsX53k="
"TrainStation_P","Urban Central","",1,"x99rEyUqzHFHu1HJitfjS3/lALd/pfqyk+LyTmsX53k="
"UF_Day_P","Futura Garden","",1.3,"x99rEyUqzHFHu1HJitfjS3/lALd/pfqyk+LyTmsX53k="
"Underwater_GRS_P","AquaDome (Salty Shallows)","Underwater_P",0.5,"x99rEyUqzHFHu1HJitfjS3/lALd/pfqyk+LyTmsX53k="
"Underwater_P","AquaDome","",0.5,"x99rEyUqzHFHu1HJitfjS3/lALd/pfqyk+LyTmsX53k="
"UtopiaStadium_Dusk_P","Utopia Coliseum (Dusk)","UtopiaStadium_P",1,""
"UtopiaStadium_Lux_P","Utopia Coliseum (Gilded)","UtopiaStadium_P",1,"x99rEyUqzHFHu1HJitfjS3/lALd/pfqyk+LyTmsX53k="
"UtopiaStadium_P","Utopia Coliseum","",1,"x99rEyUqzHFHu1HJitfjS3/lALd/pfqyk+LyTmsX53k="
"UtopiaStadium_Snow_P","Utopia Coliseum (Snowy)","UtopiaStadium_P",1,"x99rEyUqzHFHu1HJitfjS3/lALd/pfqyk+LyTmsX53k="
"Wasteland_GRS_P","Wasteland (Pitched)","wasteland_s_p",1,"x99rEyUqzHFHu1HJitfjS3/lALd/pfqyk+LyTmsX53k="
"Wasteland_Night_P","Badlands (Night)","Wasteland_P",0.5,"x99rEyUqzHFHu1HJitfjS3/lALd/pfqyk+LyTmsX53k="
"wasteland_Night_S_P","Wasteland (Night)","wasteland_s_p",0.7,"x99rEyUqzHFHu1HJitfjS3/lALd/pfqyk+LyTmsX53k="
"Wasteland_P","Badlands","",0.5,"x99rEyUqzHFHu1HJitfjS3/lALd/pfqyk+LyTmsX53k="
"wasteland_s_p","Wasteland","",0.5,"x99rEyUqzHFHu1HJitfjS3/lALd/pfqyk+LyTmsX53k="
"Woods_Night_P","Drift Woods (Night)","woods_p",1,"ujLmxYrq+F6zrg39JZunl2NC/WnnSMx1GJxo1foQ7M0="
"woods_p","Drift Woods","",1,"x99rEyUqzHFHu1HJitfjS3/lALd/pfqyk+LyTmsX53k="