"ID","Artist","Label"
"247811","Tokyo Machine","PLAY"
"1823784","Crankdat","Power Stone"
"2557516","Goldfinger","Superman"
"2863187","Throttle","Where U Are VIP"
"3160259","","Anthem_DialUp_01"
"4568248","","RascalFlatts_LifeIsAHighway"
"4989071","Koven","All We Needed"
"6611422","Eminence X Weston & Teston","Vertigo (feat. Aloma Steele)"
"8132331","Koven","Turning Point (Worlds Rework)"
"8822365","MUZZ","Horsepower"
"9401027","Dirtyphonics","Moonlight Runners"
"9874972","","JulieBuchanan_Vol1_ID_03"
"10475485","Just A Gent & Nevve","Open Spaces (VIP)"
"10516402","Daft Punk ft. Pharrell Williams and Nile Rodgers","Get Lucky"
"12093529","Psyonix","Brutal Darkness"
"12328713","Godlands","u want me"
"13202239","Conro","Just Like You (feat. Boslen)"
"13432383","OddKidOut","CODES (feat. Macntaj)"
"15423697","Hyper Potions & Nokae","Expedition"
"16581878","deadmau5","Ghosts 'n' Stuff"
"16607948","DROELOE","Collisions"
"17251751","Control Freak","EYES ON ME (Sped Up)"
"19272815","Pixel Terror","Amnesia"
"21493495","Direct","Ghost"
"23161260","Throttle","Dreamer"
"25656817","PROFF","Nibbana"
"26025501","Koven & Circadian","The Outlines"
"26585258","Kage & Asdek","Right Through"
"28412183","","PlaceholderAnthem_Metronome"
"28469677","Phill Boucher","Shadows"
"29461400","Slushii","LUV U NEED U"
"30216474","F.O.O.L & PYLOT","The Law"
"31337015","Pixel Terror & Aviella","Enigma"
"32093099","Reel Big Fish","Sell Out"
"32789285","Finding Mero","Set You Free"
"34264552","Bad Computer","Breathe"
"37344723","CloudNone, Direct, Mr FijiWiji, & Chxse","Stained Glass"
"38287354","Conro","Backseat Lovers"
"41804385","THIRST","AF1"
"43329706","Feint","Outbreak (feat. MYLK)"
"43429513","No Mana","Garage17"
"43925172","Frostycat","Shiawase [LoFi]"
"44136135","Caster","The Six Of Wands"
"44989323","WRLD","Drift Away"
"45490456","","BobbyBorisPickettAndTheCryptKickers_MonsterMash"
"46312449","Throttle","Bloom"
"47484328","Hollywood Principle","Whiplash"
"48242787","Tom Ferry, WILL MAC & Nina Carr","The One You Call"
"48644282","CloudNone","From Here (ATTLAS Remix)"
"48765618","","MengyuanXu_RLCN_01"
"49090645","Phill Boucher","Blind"
"49647108","SKYLER","Hit My Line"
"50842522","","Cher_Believe"
"53125187","Mike Ault","Flying Forever (feat. Morgan Perry)"
"53687427","F.O.O.L & JNATHYN","Tension"
"54779233","Hausman","Secrets"
"55322465","","DaddyYankee_Gasolina_SafariRiot_Remix_featMykeTowers"
"55392612","F.O.O.L","Duality"
"56041757","MYLK","Mermaid"
"56353570","Saxsquatch & Half an Orange","Moondance"
"57399709","Sullivan King","Someone Else"
"58494525","Solomon France","Magazine (feat. RIENK)"
"63682043","Frostycat","Duality [LoFi]"
"63809136","","RLCSTheme_2019version_Cue1"
"63844923","hayve & Skyelle","Change"
"64311442","Koven","All We Needed"
"64670263","Eminence","0202"
"64696673","Rameses B","Play To Win (feat. Holly Drummond)"
"65854753","THIRST","BOUNCE"
"66611426","Daft Punk ft. Julian Casablancas","Instant Crush"
"66728617","Koven","Lions (VIP)"
"66944502","Hollywood Principle","Solar Eclipses (feat. Dr. Awkward)"
"67769189","Bad Computer","Breathe"
"72533598","NF","PANDEMONIUM"
"75173432","","Anthem_DemoDisc20XX_01"
"76325183","Saxsquatch","Madness"
"76359433","Internet Girl","TREAT HIM LIKE A BABY"
"76407235","Athena & smle","Eternal"
"76911958","NF","LET EM PRAY"
"76912511","Bishu","THIRD PERSON"
"77597109","Bleu Clair & Drinks On Me","Hit List"
"80548663","Cochise","TURN IT UP"
"81403103","Control Freak","EYES ON ME (Sped Up)"
"81707114","Pixel Terror","Amnesia"
"81805720","No Mana","Lost Call"
"82195192","","Anthem_Leatherfaces_Chainsaw_Goal_01"
"83473788","F.O.O.L & hayve","Valhalla"
"84558312","Arcando & Pirapus","Ultrasound"
"86159693","Throttle","For Me VIP"
"86590632","Dyro & Conro","Memory Bank"
"87019879","No Mana","Garage17"
"88375482","","U33_House_Tropical_116_A"
"88838090","Vicetone","Apex"
"89072600","Ellis","Orbit (Thorne Remix)"
"90378803","Televisor","Neon"
"90645555","F.O.O.L & hayve","Valhalla"
"90934145","Tisoki","HOLD ON ME"
"91901911","Mike Ault","Game Time (feat. Dr. Awkward)"
"92656075","Epic Games","THIS IS ROCKET LEAGUE"
"93881023","Tony Romera","Heat Wave"
"94102186","Tisoki","HOLD ON ME"
"96117237","ARMNHMR & Nurko","Won't Make A Sound (feat. Micah Martin)"
"96327226","zensei","oasis"
"96754293","Justin Hawkes","That Look"
"97849123","Stonebank","What Are You Waiting For VIP"
"99542481","Rogue","Fury"
"99606288","Conro","Find You"
"99648624","LTN pres. Ghostbeat","We Are All Equal"
"99703462","blink-182","All The Small Things"
"101185078","Feint","Atlas"
"102518819","Frostycat","Revenger [LoFi]"
"103946839","Modestep & SOTA","Another World"
"107681750","","MengyuanXu_RLCN_03"
"108476756","OBLVYN","Enter REM"
"109243915","CHYL & Haus of Panda","Ignite (feat. MYLK)"
"113175411","zensei","games"
"113370889","Going Quantum & hayve","Double Tap"
"113631468","Pixel Terror & Aviella","Enigma"
"115976593","","2ts_Anthem_02_FinalMix"
"117914642","Estiva","Parlez-Vous"
"119589435","Ezekiel","null"
"122018658","Alan Walker","Wake Up (feat. MRD)"
"122619721","Reel Big Fish","Sell Out"
"123158033","Yellowcard","Ocean Avenue"
"123273251","","Surfbort_OpenYourEyes"
"126850618","Frostycat","Glide [LoFi]"
"126854302","","U33_House_Tropical_116_B"
"127790040","Kainbeats","Flying Sled"
"130933480","Anamanaguchi","Water Resistant (feat. 8 4 8 5)"
"131143909","Duumu","Keep You (feat. Sundial)"
"131604430","No Mana, vowl. & Leyla Diamondi","Falling In Love"
"131999924","Fairlane & Point North","Not My Night"
"132854017","ORACLE & Holochrome","Strangers"
"133019282","","Dirtyphonics _BurbankNights"
"133888788","Tokyo Machine x Teminite x Boom Kitty","BUSTED"
"135718657","Bishu","WYGD"
"138047460","Vikkstar & Masked Wolf","Know Me Better (feat. Jme)"
"138920434","Carola & NUZB","Groovemasta"
"139844126","Tokyo Machine","BLEEP BLOOP"
"139975016","Bad Computer","Your Spell"
"140472107","SKYLER","Fall"
"141263656","","F.O.O.L_Duality"
"142067588","Ephixa","Skyforth"
"142218858","","Anthem_Crickets_Audience_01"
"142524302","Tonga","Another Round"
"144989922","Phill Boucher","Corruption"
"145181758","Ice Spice","Oh Shhh..."
"145365483","Notaker","Each Other (feat. Eric Lumiere)"
"145617813","Metallica","Enter Sandman"
"145729899","Infected Mushroom","Walking On The Moon (Bad Computer Remix)"
"149183929","Tokyo Machine","PLAY (VIP)"
"149359795","Athena, smle & Isaac App","Moment (Worlds Version)"
"152495567","deadmau5","Patience"
"153428546","Grimes","Shinigami Eyes"
"154254446","Unlike Pluto","Everything Black (feat. Mike Taylor)"
"154975369","Grant","Are We Still Young (feat. Jessi Mason)"
"157223889","","KendrickLamar_HUMBLE"
"159855826","","ZombieNation_Kernkraft400"
"160807804","FWLR","Hot"
"160834650","MUZZ","Lost Forever"
"163050895","KUURO & Saint Punk","Tokyo Drift"
"164239606","Televisor & Danyka Nadeau","Dangerous"
"165822213","AL3JANDRO","So Good"
"166384779","Bossfight","Charge"
"167272431","Anitta","Furiosa"
"167909623","Hollywood Principle","Solar Eclipses (feat. Dr. Awkward)"
"168721069","Stephen Walking","Glide"
"169160182","","EricB&Rakim_DontSweatTheTechnique"
"169507555","Mazare & Dead Pony","Generation Gap"
"171233182","Stonebank","Keep Up The Pace"
"171734380","deadmau5","Sixes"
"171964218","Tokyo Machine","ROCK IT"
"172221152","Bhaskar & Afterclapp","N o Sei Parar"
"172266708","Yula","Feel Again"
"176540272","Frostycat","Therapy [LoFi]"
"177538177","F.O.O.L & JNATHYN","Tension"
"178173487","A.M.R.","Portrait Of You"
"178285516","Pixel Terror","Contra (feat. Sara Skinner)"
"178547429","Teriyaki Boyz","Tokyo Drift"
"178869697","Ephixa & Heartful","Sundance"
"178921056","Throttle","For Me"
"180152651","rshand","Erased"
"181039166","King Princess","PAIN"
"182085982","","U33_House_Tropical_116_Intro_B"
"182704622","Throttle","Dreamer"
"183090351","Adore Delano","I Adore U"
"185309811","Aether","Sapphire"
"185739382","Troye Sivan","STUD"
"186522556","Habstrakt","The One"
"186856750","Solomon France & Hailure","Crisis"
"187100013","Direct","I'll Go"
"190177776","Saxsquatch","Madness"
"190582968","NF","PANDEMONIUM"
"191659808","Tony Romera","Boogie (feat. Casual)"
"192294092","Frostycat","Revenger [LoFi]"
"196794107","AL3JANDRO","On The Canvas"
"196991480","Mazare & Last Night Saved My Life","Tidal Wave"
"197225799","Nostalgix","Need You"
"197664822","Bishu","THIRD PERSON"
"198516412","Bossfight","Endgame (VIP)"
"199338950","Rome In Silver","Skin (feat. Beach Season)"
"199419882","Snavs","Us"
"200100575","CHYL & Skybreak","Euphoria Rush"
"200993657","Televisor","Neon"
"202209165","NVRXMARV & LXSTURY & justforgetme","VOLKSWAGEN FUNK"
"202820239","OddKidOut","CINEMA (feat. Marlhy) (Fame & Fortune VIP)"
"203664914","Habstrakt","ZERO200"
"203896239","AL3JANDRO","We Own The Night"
"205376133","Tony Romera","Boogie (feat. Casual)"
"205839166","Curbi","Flying"
"208086314","hayve","Pressure"
"209331343","Curbi","Flying"
"212191171","F.O.O.L x CASTER","Inertia"
"212434460","Rogue","Night After Night"
"213174321","Slushii X Dion Timmer","Test Me"
"214352503","Kaskade","Solid Ground"
"214619658","Papa Khan","Get To U"
"215518666","","Anthem_Crickets_Loop_01"
"215966303","Hoaprox & YUAN","Saviour (feat. Haneri)"
"216591688","ARMNHMR","Falling Apart (feat. RUNN)"
"219612658","Mike Ault and Abandoned Carnival","When The Lights Come On (Instrumental)"
"219673668","Nigel Good","One Plus Space"
"220462910","Sabai","Scared"
"221375111","Tokyo Machine","FAR OUT (VIP)"
"222207918","Koven & ShockOne","Collecting Thoughts"
"222397043","Muzz","Horsepower (F.O.O.L & Tokyo Rose Remix)"
"223088003","KUURO & hayve","Collapse (feat. Imallryt)"
"223316791","Protostar","Galaxies"
"224241231","Metallica","Master of Puppets"
"224331962","Conro","just wanna luv"
"226578366","ryo (supercell)","Melt"
"226734650","","MX_InGame_MusicMap_Diagetic_Kaskade_Stinger_Anthem_FlipReset"
"228266115","Godlands","CASHMERE (feat. boler mani)"
"228738679","Conro & Haris","Nothin On You"
"229501308","Big Freedia","Platinum"
"230318928","blink-182","All The Small Things"
"230572780","Bishu","ENEMY (feat. dabl)"
"230740520","deadmau5","Patience"
"233831254","Soupandreas & Inverness","Hours"
"233943877","Vindata","Good 4 Me"
"234402057","SAWTOWNE","M@GICAL:star:CURE! LOVE:heart:SHOT! feat. Hatsune Miku"
"235984473","P Money, Whiney, hayve","99 Octane"
"236141863","Koven","Get Through"
"236509588","Koven","Get Through"
"239296477","Throttle","Japan"
"239750516","Slow Motion","But Baby"
"239826647","LissA & Lane Boy","Fire In Your Eyes"
"239909124","Cochise","POCKET ROCKET"
"240230490","","ProjectGavel_03"
"241063102","The Winstons","Amen Brother"
"241096975","Bishu","DIVA"
"241522204","Juice WRLD","Lucid Dreams"
"241888277","Epic Audio Team","Llama Bell"
"242172996","Koven","My Love"
"245686418","Hollywood Principle & Dr. Awkward","Solar Eclipses (VIP)"
"247035866","Mazare & Story Untold","The Losers Club"
"247537294","Conro","Backseat Lovers"
"247836294","warner case & Bhaskar","do my own thing"
"248486004","Lewis Thompson & Punctual","Fever (feat. Hight)"
"251680728","","ShingoNakamura_GlowStemMasterRev5"
"253224408","Shingo Nakamura","Falling Off (Club Mix)"
"253406720","Sol Rising & Banaati","Arise"
"254214198","Fractal & Danyka Nadeau","Collide"
"255214566","Frostycat","Gold [LoFi]"
"256745962","Mike Ault","In My Dreams (feat. Nikki Wilkins)"
"257932384","PegboardNerds","Disconnected"
"260747555","Grant","High Enough (feat. Will Jay)"
"261129404","Gammer","Roots (feat. RUNN)"
"264419280","P Money, Whiney, hayve","99 Octane"
"265774690","Godlands","CASHMERE (feat. boler mani)"
"267347516","Trivecta","Break Me (feat. Karra)"
"267578348","Kyle Dixon & Michael Stein","Stranger Things (Original Theme)"
"270646826","F.O.O.L","Redshift"
"271054078","Estiva","Parlez-Vous"
"277793447","deadmau5","Sixes"
"277973871","Juice WRLD","Lucid Dreams"
"279968362","Tonga","Sun's Out"
"280106760","Bossfight","Endgame"
"280684294","Hollywood Principle","Firework (VIP)"
"280869823","Nostalgix","Need You"
"280930264","","JulieBuchanan_Vol1_ID_02"
"281182631","Doja Cat","AAAHH MEN!"
"281395032","F.O.O.L","Duality (VIP)"
"281991647","Hollywood Principle","Seeing What's Next (Kevin Frey Remix)"
"284600493","Psyonix","R.A.V.E."
"285168213","Throttle","Cities [Acoustic]"
"285178030","Mazare & Dead Pony","Generation Gap"
"285208275","Alan Walker","Club Leclerc (Racers Mix)"
"285239068","Shingo Nakamura","Glow"
"287441931","Bishu","DIVA"
"288670676","","Anthem_Leatherfaces_Chainsaw_Save_01"
"290217386","CloudNone","From Here"
"292820731","Fransis Derelle & Josh Rubin","Same Mistake"
"293378350","Detroit Emeralds","You're Getting A Little Too Smart"
"294643092","Feint & R7cky","Lost & Found (feat. Skyelle)"
"296784303","","JustinTimberlake_CryMeARiver"
"296795090","AL3JANDRO","Loca"
"297547215","Todrick Hall","Lover Boy"
"299220699","Mike Ault and Christian De La Torre","Darkness"
"299675380","Hollywood Principle","Whiplash"
"300666254","Koven","All We Needed"
"302109858","","3620ThisIsRocketLeague_V1MasterRg_Sdmi_145Bpm_632548_24"
"302132722","Athena & smle","Moment"
"302377528","Rameses B","Have Fun"
"303484699","Mike Ault","Love Thru The Night (feat. Morgan Perry)"
"303587746","Sabai","Scared"
"303799712","AL3JANDRO","Loca"
"303911060","","2ts_Anthem_04_FinalMix"
"306182210","Teddy Killerz","Fight Me"
"306354648","Frostycat","Shiawase [LoFi]"
"306367381","Grimes","Player of Games"
"306397904","Stonebank","Keep Up The Pace"
"306964065","Habstrakt","ZERO200"
"307189472","Kaskade & WILL K","Flip Reset"
"307723377","CHYL","Fool Me"
"307867309","zensei & Delaney Kai","sound therapy"
"308465776","Bleu Clair & Drinks On Me","Hit List"
"309412041","Throttle","For Me VIP"
"309780099","Notaker","Wake Up You're Dreaming"
"311134973","Direct","I'll Go"
"311381592","Mike Ault","Looking To The Future"
"312079653","","StarWars_LudwigGransson_TheMandalorian"
"313450701","Tokyo Machine x Teminite x Boom Kitty","BUSTED"
"313555232","Au5 and Chime","Voidwalkers"
"314388554","Puppet & Foria","Bigger Picture"
"314662588","Ohio Players","Funky Worm"
"314710017","BARELY ALIVE","SPEED DEMON"
"315158665","Mike Ault and Abandoned Carnival","Escape from L.A. (Instrumental)"
"317005257","WHIPPED CREAM","Light of Mine"
"317621592","Frostycat","Duality [LoFi]"
"319622667","Vindata","Good 4 Me"
"319905019","Adam B Metal","Rocket League Throwback Anthem"
"327012115","","Anthem_Crickets_Audience_02"
"327160776","Psyonix","Everybody Dance!"
"327925393","ATTLAS & Mango","Over The Water"
"328886718","Frostycat","Shiawase [LoFi]"
"329785221","Finding Mero","In Loving Memories"
"330275802","","Haddaway_WhatIsLove"
"332141298","Ellis","Orbit"
"332142228","The Weeknd ft. Daft Punk","I Feel It Coming"
"332469346","Grant","Are We Still Young (feat. Jessi Mason)"
"334316009","","EpicAudioTeam_OrangeJustice"
"335605506","CloudNone & Skybreak","Feeling Free"
"339095463","ORACLE & Holochrome","Strangers"
"344326044","Isaac App","FALL (Clean)"
"345422383","Slushii","LUV U NEED U"
"345655576","PegboardNerds","Disconnected"
"347673293","Hollywood Principle & Dr. Awkward","Solar Eclipses (VIP)"
"347991228","deadmau5","Strobe (Radio Edit)"
"350957044","Fairlane & Silverstein","Take It Back"
"352610331","AK","Back Again"
"352662032","Fractal & Danyka Nadeau","Collide"
"354149846","Snoop Dogg (feat. Pharrell)","Drop It Like It's Hot"
"354339946","Jason Ross","No Tomorrow feat. Brandyn Burnette"
"354651049","Adore Delano","I Adore U"
"354756146","Vicetone","Nevada (feat. Cozi Zuehlsdorff)"
"355145489","Puppet","Dynamo"
"356861236","Throttle","For Me"
"357897492","Tails & Juelz","Cobra"
"359518551","Tails & Juelz","Cobra"
"359555604","Direct","Ghost"
"359745139","Aether","Sapphire"
"360510623","","Anthem_4tonight_01"
"360789609","Haywyre","Chromatically"
"361494463","Tokyo Machine","MVP"
"361970324","F.O.O.L & Extra Terra","AGONIZE"
"362350292","wev","shigoto werk"
"362443649","Tokyo Machine","STEREO"
"362736116","THIRST","GET IN THE CAR"
"364164810","Crankdat","Power Stone"
"364453114","Kaskade","Solid Ground"
"365407813","AL3JANDRO","We Own The Night"
"366934339","THIRST & nuphory","MEANT 2 BE"
"367573920","Slushii","All I Need"
"373716026","","Anthem_FiestaLatina_SoccarBroadcaster_Goal_02"
"375143504","Nigel Good & Tien Viet Nguyen","The Magic"
"375420365","Doja Cat","AAAHH MEN!"
"376057303","Infected Mushroom","Walking On The Moon"
"376240536","Cochise","LONG WAY"
"377770157","RZRKT","Dread"
"379976426","Direct & Danyka Nadeau","Same Thing"
"380388724","ORACLE & Holochrome","Run Right Back"
"382474209","CloudNone & Skybreak","Feeling Free"
"384023497","Bossfight & hayve","Deadlock"
"385126923","Goldfinger","Superman"
"386213809","Skybreak & Dani Demand","The Epic Octopus Song"
"388012344","","Ludacris_ActAFool"
"388210388","Grant","Castaway (feat. Juneau) (Duumu Remix)"
"388947679","","Anthem_R2D2_Scream_EpicSave_01"
"389833541","Vintage & Morelli X Arielle Maren","Dreamers"
"392821224","Grant","Color (feat. Juneau)"
"392869649","Todrick Hall","Lover Boy"
"393308304","Saxsquatch","Madness"
"393920352","","NightmareBeforeChristmas_ThisIsHalloween"
"394054889","Tony Romera","Heat Wave"
"394813171","Hollywood Principle","Breathing Underwater (Ether Remix)"
"395069542","THIRST","BOUNCE"
"395617360","Kage & Asdek","Right Through"
"397140834","Slushii","LUV U NEED U"
"398187473","Ezekiel","lost & found"
"400094985","Tristam","Bone Dry"
"402621207","Cochise","TURN IT UP"
"402792593","","Anthem_4tonight_01"
"404981724","Silent Child","1975"
"409242484","SAWTOWNE","M@GICAL:star:CURE! LOVE:heart:SHOT! feat. Hatsune Miku"
"413026726","Adam B Metal","Supersonic Acrobatic Rocket-Powered Battle-Cars Theme"
"415040460","Nitro Fun","POWER"
"417182550","zensei","marina del rey"
"417293758","deadmau5","Sixes"
"417651001","Rogue","Badlands"
"417941017","Grant","Castaway (feat. Juneau) (Duumu Remix)"
"419050326","Hiski & Kobana","Too Far"
"420523219","Mr. Bill, Clockvice, & vangran","Inflammable"
"421301391","Tisoki","Made 4 This"
"422795552","Tonga","Windows Down"
"423200980","No Mana","Solarpunk"
"423455607","Xilent","the_darkness"
"425225148","Dirtyphonics","Moonlight Runners"
"426029182","nuphory","Leave The World Behind feat. Luna Lenta"
"428178517","Snavs","Us"
"429706830","Epic Games","Salty Shred"
"429797983","Hollywood Principle","Firework (VIP)"
"430764306","Varien & 7 Minutes Dead","Aeon Metropolis"
"431290738","","Anthem_BirthdayBall_02"
"431639282","CHYL & Haus of Panda","Ignite (feat. MYLK)"
"432424494","hayve","Pressure"
"432583919","Bishu","THIRD PERSON"
"433954210","","Anthem_FiestaLatina_SoccarBroadcaster_MVP_02"
"436983099","Caster","The Six Of Wands"
"437092618","Grimes","Player of Games"
"439552872","Finding Mero","In Loving Memories"
"442195848","Rome In Silver","Skin (feat. Beach Season)"
"442642508","Ben Platt","Imagine"
"443045083","","RL_S16_Spooky2"
"443308592","warner case & Bhaskar","do my own thing"
"444802561","F.O.O.L x CASTER","Inertia"
"445166319","F.O.O.L","Droid"
"451013991","Dion Timmer","Kibo"
"452502563","Stephen Walking","Glide"
"454497251","Epic Games","Fast Forward"
"457663875","John Williams, London Symphony Orchestra","The Imperial March (Darth Vader's Theme)"
"458503254","","Vengaboys_WeLikeToParty_TheVengabus"
"459332842","Julie Buchanan","The Brick"
"459434697","F.O.O.L","Duality"
"459895020","Half an Orange","Playing With The Boys (feat. Alli Simms)"
"459969270","F.O.O.L & Extra Terra","AGONIZE"
"460619496","Alan Walker","Lifeline (feat. Lova)"
"461329111","Grimes","Shinigami Eyes"
"461390751","LissA & Lane Boy","Fire In Your Eyes"
"461868208","Inverness and Jack Newsome","I Remember"
"463847139","Frostycat","Chasing Clouds [LoFi]"
"464600976","","2ts_Anthem_05_FinalMix"
"465025490","","CharlieClouser_HelloZepp"
"466420112","Slushii","All I Need"
"467456456","Isaac App","FALL (Clean)"
"468748309","Kevin Riepl","Mentis Machina"
"469125242","Half an Orange","Mark Twain (Glacier Remix)"
"469432344","GG Magree","King"
"471193391","Bad Computer & Danyka Nadeau","Chasing Clouds"
"472324009","Slander & Said The Sky","Potions (feat. JT Roach)"
"474189259","Aviella & Conro","Way Back"
"475730598","THIRST & CHYL","DRIFTER"
"475765528","GG Magree","King"
"475937080","Alan Walker","Lifeline (feat. Lova)"
"475984949","Throttle","Bloom VIP"
"477538144","Feint","We Won't Be Alone (feat. Laura Brehm)"
"477907344","A.M.R.","Portrait Of You"
"479503128","Koven &  ON:MODE","Polarised"
"480167358","Lil Nas X","MONTERO"
"480199039","OddKidOut","CINEMA (feat. Marlhy)"
"481541769","","ProjectGavel_04"
"482071367","Julian Calor","No Fear Anymore (feat. Ava Silver)"
"482583982","deadmau5","8ths"
"482845693","","EpicAudioTeam_Overdrive"
"484379837","Bossfight & hayve","Deadlock"
"484600755","Psyonix","Brutal Darkness"
"484798582","VESK GREEN","Frequency Fusion"
"485835573","Fransis Derelle & Josh Rubin","Same Mistake"
"485986029","MUZZ","Horsepower"
"486614293","Yellowcard","Ocean Avenue"
"486790496","Hayley Kiyoko","Found My Friends"
"487134190","Koven & ShockOne","Collecting Thoughts"
"487889896","BARELY ALIVE","SPEED DEMON"
"488741403","Adam B Metal","Supersonic Acrobatic Rocket-Powered Battle-Cars Theme"
"489578609","Juice WRLD","Lucid Dreams"
"491160422","","3_TherapyRocketLeagueMix"
"491320681","Eminence X Weston & Teston","Vertigo (feat. Aloma Steele)"
"492241025","Troye Sivan","STUD"
"493053938","Bensley","Vex"
"493507174","WHIPPED CREAM","Angels"
"494206123","","SimplePlan_WhatSNewScooby_Doo"
"496212265","Phill Boucher","Catharsis"
"496366392","Fransis Derelle & Josh Rubin","Same Mistake"
"496692363","Grant","High Enough (feat. Will Jay)"
"496701760","zensei","magic"
"496932362","rshand","Erased"
"497053622","Kainbeats","Flying Sled"
"499187689","","Anthem_Crickets_Audience_02"
"499520130","NF","PANDEMONIUM"
"499882566","Bad Computer","Electric ft. Raymond Revel & Marcus McGarity"
"500960060","Godlands","ALL NIGHT"
"503569016","Teddy Killerz & Pegboard Nerds","Pump"
"503664379","Athena & smle","Moment"
"504339118","nanobii","All I Want"
"504854167","Athena & smle","Eternal"
"506902045","Daft Punk","One More Time"
"507829157","","Anthem_4tonight_01"
"510481990","","SaltNPepa_PushIt"
"511993684","Mr. Bill & Culprate","Lie"
"512283394","CHYL & Skybreak","Euphoria Rush"
"513777365","Tokyo Machine","MVP"
"513785001","Slander & Said The Sky","Potions (feat. JT Roach)"
"513889088","Purrple Cat","First Snow"
"515025403","Finding Mero","Set You Free"
"516202253","Bossfight & hayve","Deadlock"
"516350851","Psyonix","Everybody Dance!"
"516437850","Purrple Cat","Winter Morning"
"516579908","Alan Walker","Wake Up (feat. MRD)"
"517804990","VESK GREEN","Frequency Fusion"
"521352166","Bad Computer","Your Spell"
"521517591","","2ts_Anthem_01_FinalMix"
"527394699","Bishu","WYGD"
"528513529","Dada Life & DEXTER KING","Take Me Into Space"
"528572608","KUURO & Saint Punk","Tokyo Drift"
"529185199","Conchita Wurst","Rise Like A Phoenix"
"529705908","Psyonix","Everybody Dance!"
"531054586","F.O.O.L","Machine"
"531079564","Nostalgix","Need You"
"531538786","","Anthem_Crickets_Audience_03"
"532660384","Fairlane & RILEY","Someone Just Like You"
"534080731","Stonebank","What Are You Waiting For VIP"
"534398098","ryo (supercell) feat. Hatsune Miku","World Is Mine"
"535573919","Hayley Kiyoko","Found My Friends"
"535883578","Anamanaguchi, Hatsune Miku","Miku"
"536459600","Frostycat","Chasing Clouds [LoFi]"
"537034228","Protostar","New Horizons"
"537720211","Lil Nas X","MONTERO"
"538868718","Mike Ault","Rocket League Theme"
"539101092","Slow Motion","But Baby"
"539881124","WRLD","Hang Up (feat. Savoi)"
"542201494","Slow Motion & LoudTech","Go Back"
"542567663","Mike Ault","I Can Be (feat. Crysta)"
"542617795","Koven","Lions (VIP)"
"545311446","Haywyre","Chromatically"
"545534079","King Princess","PAIN"
"545774229","Rogue","Badlands"
"547228594","Godlands","u want me"
"547239170","Frostycat","Therapy [LoFi]"
"548107949","Frostycat","Chasing Clouds [LoFi]"
"550317472","KUURO & Saint Punk","Tokyo Drift"
"550760825","Hollywood Principle","Seeing What's Next (Kevin Frey Remix)"
"550913470","CloudNone","From Here (ATTLAS Remix)"
"551441348","Tom Ferry, WILL MAC & Nina Carr","The One You Call"
"551543376","","Anthem_DemoDisc20XX_01"
"551682273","DESERT STAR","Carissa"
"552353508","","Pink_GetThePartyStarted"
"553460242","deadmau5","8ths"
"553898306","","JamesBondTheme_CasinoRoyale"
"554310906","Tony Romera","Dangerous (feat. Siera)"
"556822234","Aero Chord","Drop It"
"557316764","","U33_House_Tropical_116_A"
"557679175","F.O.O.L","Droid"
"558022990","","Koven_GoldV25"
"558704363","","RL_Anthem_S20AutoTournament_SummerNeverEnds"
"560177408","Julie Buchanan","Jet Fueled"
"561595892","Feint","We Won't Be Alone (feat. Laura Brehm)"
"561932140","Vindata","Union"
"563066415","Glacier","Still"
"564899767","Carola","Work My Body"
"565040902","Dustycloud","Good Time"
"568922042","Tut Tut Child","If I Could (feat. Beth Cole)"
"569587959","","Anthem_Chucky_Laugh"
"571187380","Julie Buchanan","Mega Volt"
"574147071","Tokyo Machine","FAR OUT (VIP)"
"574593227","Ezekiel","null"
"574605323","THIRST","AF1"
"574983405","Tony Romera & SQWAD","St Tropez"
"575205560","PROFF","Dark Magic"
"575373577","Notaker","Each Other (feat. Eric Lumiere)"
"575706100","FWLR","Hot"
"576562662","F.O.O.L","Revenger"
"577145327","FWLR","Bust It Out"
"577272893","","RickAstley_NeverGonnaGiveYouUp"
"577580651","Kaskade","Miles To Go"
"578860066","PROFF","Nibbana"
"579538170","","VanHalen_Jump"
"581667301","Bad Computer","Electric ft. Raymond Revel & Marcus McGarity"
"583577274","Caster","Ostinato"
"585526895","Anamanaguchi, Hatsune Miku","Miku"
"586024670","Dexter King","Only You (feat. Alexis Donn)"
"586066515","INTERCOM","Truth And Malice"
"586660981","Purrple Cat","First Snow"
"586958111","No Mana","Out of the Dark"
"587396981","","TLC_NoScrubs"
"587424570","Fairlane & RILEY","Someone Just Like You"
"587585332","Snoop Dogg (feat. Pharrell)","Drop It Like It's Hot"
"587688769","Sol Rising & Banaati","Arise"
"589618453","F.O.O.L","Duality"
"590416078","","Bundesliga_Hymn"
"591340958","Lewis Thompson & Punctual","Fever (feat. Hight)"
"592567771","Habstrakt","The One"
"594055037","Tokyo Machine","BLEEP BLOOP"
"595171280","Ellis","The Taste"
"598120302","Teminite & Skybreak","Accelerate"
"599846011","Throttle","For Me VIP"
"600297080"," wnboss & Selva","RIOT"
"600584271","Mr. Bill & Culprate","Lie"
"602192899","Psyonix","Brutal Darkness"
"602216472","OBLVYN","Enter REM"
"602387998","Phill Boucher","Manic"
"603606848","Silent Child","1975"
"603977701","","Anthem_Underwater_1B_GoalEdit"
"604731735","Mike Ault","Lacuna"
"604926683","Angara & Bound to Divide","Odyssey"
"605226612","Glacier","Still"
"606572371","Muzz","Horsepower (F.O.O.L & Tokyo Rose Remix)"
"606670531","Tokyo Machine","ROCK IT"
"606730046","Modestep & SOTA","Another World"
"607918386","Conchita Wurst","Rise Like A Phoenix"
"608931414","Solomon France","Magazine (feat. RIENK)"
"609701636","Athena & smle","Eternal"
"610615072","Koven & Circadian","The Outlines"
"611454448","zensei","stay"
"612034187","Ice Spice","Oh Shhh..."
"613650024","Dion Timmer","Shiawase"
"614597702","Godlands","SLEEPER"
"615881145","Solomon France & Hailure","Crisis"
"616173767","Frostycat","Gold [LoFi]"
"617409625","Throttle","Bloom"
"617537334","F.O.O.L","Drifter"
"619635042","Mr. Bill & Culprate","Lie"
"619787968","THIRST","BOUNCE"
"620053349","Athena, smle & Isaac App","Moment (Worlds Version)"
"620409834","Conro","Therapy"
"621096070","Tokyo Machine & Guy Arthur","WATCH OUT!"
"621664985","ryo (supercell)","Melt"
"625612467","Tokyo Machine & Guy Arthur","WATCH OUT!"
"625655472","Epic Games","THIS IS ROCKET LEAGUE"
"626976882","Julie Buchanan","Vixen Punk"
"627229130","Kainbeats","Flying Sled"
"629208709","Kill Paris","Played Out (feat. Dutch Robinson)"
"629689268","No Mana","Lost Call"
"632682816","Grant","Weapon (feat. Baum)"
"634414541","zensei","who we are"
"635677243","Dxrk","RAVE"
"636671706","Half an Orange","Mark Twain"
"636890623","Kaskade","Closer"
"637397970","Epic Games","Madness"
"638006948","Duumu","Worst Part of Heaven (feat. Trove)"
"638173543","Koven","Lions"
"638721949","","Anthem_RL_S16_Spooky1"
"641432000","Slushii","All I Need"
"641657656","Daya","Bad Girl"
"642004028","THIRST","GET IN THE CAR"
"642633853","Kevin Riepl","Scorched Earth (Chaos Run Theme)"
"644593335","","Muse_YouMakeMeFeelLikeItsHalloween"
"645263961","Darren Styles, Gammer & Dougal","Burning Up"
"645375510","Throttle","Bloom VIP"
"645430770","Dion Timmer","Shiawase VIP"
"646180067","Kaskade","Miles To Go"
"646342062","Bossfight","Endgame (VIP)"
"647888527","AL3JANDRO","So Good"
"647996295","Vintage & Morelli X Arielle Maren","Dreamers"
"648404203","Hollywood Principle","Firework"
"648855622","No Mana & SOFI","Digital Friends"
"650237368","Tony Romera & SQWAD","St Tropez"
"650291219","No Mana","Underwater feat. Isis Rose"
"652094770","Duumu","Blinded"
"652514619","Trixie Mattel","Hello Hello"
"652535986","","MengyuanXu_RLCN_02"
"652653699","Mr. Bill, Clockvice, & vangran","Inflammable"
"652893500","Daft Punk","One More Time"
"653113715","Tony Romera","VHS"
"654119511","No Mana","Underwater feat. Isis Rose"
"656444513","","Transformers_Theme"
"656647151","No Mana & Leyla Diamondi","Luxor Aeterna"
"657296000","Dion Timmer","Shiawase"
"658466332","Mazare & Last Night Saved My Life","Tidal Wave"
"659468373","Tonga","Who Got Next"
"659807564","THIRST & nuphory","MEANT 2 BE"
"660123685","Hollywood Principle","Firework"
"660415466","Frostycat","Therapy [LoFi]"
"661047288","EDDIE & Voicians","Night Runners (feat. Voicians)"
"661072483","Marshmello","Alone"
"661233188","Dyro & Conro","Memory Bank"
"662821811","OddKidOut","CINEMA (feat. Marlhy)"
"663566278","OddKidOut","CINEMA (feat. Marlhy)"
"663599560","Anamanaguchi & Flux Pavilion","Dreams"
"664558359","Kayzo","This Time"
"668134137","Vindata","Union"
"668896438","OddKidOut","CINEMA (feat. Marlhy) (Fame & Fortune VIP)"
"669437937","Ohio Players","Funky Worm"
"672742999","MUZZ","Feeling Stronger (High Maintenance Remix)"
"673333094","Half an Orange","Mark Twain"
"676096735","Ben Platt","Imagine"
"676496221","Marshmello","Alone"
"677856927","Aiobahn & Vin","About U"
"680923142","Bad Computer","Undefined"
"681519721","NF","LET EM PRAY"
"682169087","","RLCSTheme_2019version_Cue2"
"682831699","Bensley & Voicians","Letting Go"
"683426809","Snavs","Us"
"683706663","","Anthem_R2D2_Scream_EpicSave_03"
"684138713","","Aqua_BarbieGirl"
"684951173","Vicetone","Nevada (feat. Cozi Zuehlsdorff)"
"686943995","","Anthem_R2D2_Scream_EpicSave_02"
"687340327","Protostar","Galaxies"
"689246645","Bad Computer & Ryan Coss","4D"
"690771540","Tokyo Machine","PLAY"
"690852024","Godlands","SICKO"
"691145680","","Bhaskar_Afterclapp_Nao_Sei_Parar"
"691273697","Anamanaguchi","Water Resistant (feat. 8 4 8 5)"
"692999173","Mike Ault","Lacuna"
"696273130","","KevinRiepl_IncessusPulsus"
"696546251","Au5 and Chime","Voidwalkers"
"696793133","Candyland","Nirvana"
"698653742","Phill Boucher","Cage"
"698710429","Conro","Find You"
"699020747","zensei","oasis"
"699048083","Aero Chord","Boundless"
"699738523","Carola","Safer Place (feat. LUX)"
"700179548","Grant","Castaway (feat. Juneau)"
"700633853","GG Magree","Deja Reve"
"700786413","Televisor & Danyka Nadeau","Dangerous"
"702510938","Bossfight","Endgame (VIP)"
"703989821","NF","HOPE"
"704847775","Odsen & Katrine Steinbekk","Horizon"
"705842499","SKYLER","Hit My Line"
"705845804","GG Magree","Deja Reve"
"706488537","Hoaprox & YUAN","Saviour (feat. Haneri)"
"707152193","Conro","Fighters"
"709993271","Bad Computer","Silhouette (feat. Skyelle) (Feed Me Remix)"
"710736557","Athena & smle","Moment"
"711348119","Mike Ault and Abandoned Carnival","We Speak Chinese"
"711967459","Conro","Therapy"
"712567237","BEAUZ, Miles Away & RYYZN","Never Let You Down"
"712805588","Televisor","Neon"
"712937686","Bad Computer","Breathe"
"713389105","Isaac App","FALL (Clean)"
"714941395","Stonebank","What Are You Waiting For"
"716684123","Teminite & Skybreak","Accelerate"
"717229935","Unlike Pluto","Everything Black (feat. Mike Taylor)"
"718124356","Mike Ault and Abandoned Carnival","We Speak Chinese"
"719457715","Puppet","Dynamo"
"719850385","","U33_House_Tropical_116_Intro_A"
"720250918","Daft Punk","One More Time"
"720754059","Feint","Outbreak (feat. MYLK) (Fox Stevenson Remix)"
"721348847","Dexter King","Only You (feat. Alexis Donn)"
"722628619","OddKidOut","CODES (feat. Macntaj)"
"722989606","Kainbeats","Winter Drive"
"723897635","Conro","Fighters"
"725227874","Dion Timmer","Kibo"
"726295117","","Anthem_Underwater_1B"
"726405516","Snoop Dogg (feat. Pharrell)","Drop It Like It's Hot"
"730022193","","2ts_Anthem_03_FinalMix"
"730076553","wev","shigoto werk"
"730100190","No Mana","Out of the Dark"
"730763334","zensei","games"
"731135284","Kaskade","Solid Ground"
"731787825","","ProjectGavel_01"
"732550956","","RL_Anthem_S17_ArcadeCabinet_01"
"733385440","Bensley & Voicians","Letting Go"
"735068529","BARELY ALIVE","SPEED DEMON"
"736382937","Bound To Divide","All I Need"
"736450925","Bossfight","Endgame"
"739314090","Skybreak","Lightbringer (VIP)"
"739964563","KUURO & hayve","Collapse (feat. Imallryt)"
"740171044","Koven","Gold"
"741092195","Tokyo Machine","PLAY (VIP)"
"741141139","Purrple Cat","Winter Morning"
"742057430","Papa Khan","Get To U"
"743494759","Vindata","Union"
"746909961","Kevin Riepl","Vacillate"
"746946967","","Internet Girl - TREAT HIM LIKE A BABY (CLEAN)"
"747381785","ATTLAS & Jodie Knight","Used to the Silence"
"752515646","Koven","Gold"
"753198809","Hoaprox & YUAN","Saviour (feat. Haneri)"
"753806514","Alan Walker","Beautiful Nightmare (feat. bludnymph)"
"754044080","Dirtyphonics","Burbank Nights"
"756899942","Puppet","Dynamo"
"757233767","Dxrk","RAVE"
"757801103","SABAI","Mirror (feat. Danni Carra)"
"758998865","Detroit Emeralds","You're Getting A Little Too Smart"
"759004570","Mike Ault","In My Dreams (feat. Nikki Wilkins)"
"760682166","Kim Petras","Malibu"
"761054170","","SmashMouth_AllStar"
"761499452","","U33_House_Tropical_116_A"
"762564201","","Anthem_FiestaLatina_SoccarBroadcaster_Goal_01"
"764167670","Rogue","Rattlesnake"
"764778937","Sullivan King","Someone Else"
"764781525","Frostycat","Glide [LoFi]"
"765412975","Daft Punk ft. Julian Casablancas","Instant Crush"
"765614680","","Anthem_R2D2_Scream_MPV_01"
"767140858","Stephen Walking","Odin's Ghost"
"767703871","","Anthem_FiestaLatina_SoccarBroadcaster_Goal_04"
"768199462","Hollywood Principle","Breathing Underwater (VIP)"
"768580796","Tokyo Machine","PLAY (VIP)"
"771802099","ryo (supercell)","Melt"
"772810045","Koven","Lions (VIP)"
"773085841","hayve & Skyelle","Change"
"773627298","Kim Petras","Malibu"
"773971950","Yellowcard","Ocean Avenue"
"774781501","","NFL_ThursdayNightFootballTheme"
"775033323","Bound To Divide","All I Need"
"776115329","Half an Orange","Mark Twain"
"776321451","nanobii","All I Want"
"776566329","Carola","Beat It Up"
"776908261","Cochise","POCKET ROCKET"
"777017283","Throttle","For Me"
"777199614","Kaskade","Miles To Go"
"777636539","Daya","Bad Girl"
"777644269","Dada Life & DEXTER KING","Take Me Into Space"
"779566148","Kainbeats","Winter Drive"
"780462094","Conro","just wanna luv"
"780709953","zensei","magic"
"780903673","ATTLAS & Mango","Over The Water"
"780936601","Throttle","Japan VIP"
"781542289","","Trick-r-Treat_MainTitle"
"783186840","Slushii X Dion Timmer","Test Me"
"783437320","Eminence X Weston & Teston","Feels Like Home (feat. Delaney Kai)"
"785821690","Ice Spice","Oh Shhh..."
"786739764","Bad Computer & Danyka Nadeau","Chasing Clouds"
"786811229","Pegboard Nerds","Party Freaks (feat. Anna Yvette)"
"787084837","Epic Audio Team","Battle Bus Remix"
"787704214","Nigel Good & Tien Viet Nguyen","The Magic"
"787743988","Nitro Fun","POWER"
"788224244","F.O.O.L & THIRST","Motor"
"788258313","WHIPPED CREAM","CRY"
"788577851","Kainbeats","Winter Drive"
"790604807","","Anthem_R2D2_Scream_Goal_01"
"790964026","","Outkast_SoFreshSoClean"
"792019583","Adam B Metal","Rocket League Throwback Anthem"
"792440981","Carola & NUZB","Groovemasta"
"792839393","Bensley","Vex"
"794981950","Floa & Lovlee","Find You"
"795138972","Andrea Botez & biskuwi","S.O.S"
"795574750","","War_LowRider"
"796195927","","Anthem_Crickets_Audience_01"
"800190656","Mazare & Dead Pony","Generation Gap"
"800665864","Andrea Botez & biskuwi","S.O.S"
"801272231","Hausman","Secrets"
"802268548","Bensley","Control Me"
"803342672","THIRST & CHYL","DRIFTER"
"805143334","","Anthem_FiestaLatina_SoccarBroadcaster_MVP_03"
"806739853","P Money, Whiney, hayve","99 Octane"
"808774415","Stonebank","Stronger (feat. EMEL)"
"808799176","ATTLAS & Jodie Knight","Used to the Silence"
"809996553","Shingo Nakamura","Falling Off (Club Mix)"
"810095507","zensei","who we are"
"812508254","CHYL","Fool Me"
"813432293","Epic Audio Team","Llama Bell"
"814332665","","Lit_MyOwnWorstEnemy"
"814502254","F.O.O.L","Duality (VIP)"
"814930176","","4NonBlondes _WhatsUp"
"815370680","Feint","Atlas"
"819054987","Eminence X Weston & Teston","Feels Like Home (feat. Delaney Kai)"
"819756181","Skybreak","Lightbringer (VIP)"
"820919207","Hiski & Kobana","Too Far"
"823533128","deadmau5","8ths"
"825001146","Habstrakt","ZERO200"
"825061165","Skybreak & Dani Demand","The Epic Octopus Song"
"826096754","BEAUZ","Outerspace"
"827065253","Feint","Outbreak (feat. MYLK) (Fox Stevenson Remix)"
"827793088","Blanke & AUDIA","Data"
"828209790","WHIPPED CREAM","Angels"
"828226929","Feint & R7cky","Lost & Found (feat. Skyelle)"
"829768554","SMLE","Runnin (feat. Nick Smith)"
"829893604","deadmau5","What a Save"
"830073051","Duumu","Blinded"
"830325926","Throttle","Where U Are"
"831168523","PROFF","Dark Magic"
"832587522","Tokyo Machine","ROCK IT VIP"
"833053702","Mike Ault","I Can Be (feat. Crysta)"
"833634803","Bossfight","Shadow (feat. JT Roach & RUNN)"
"833916895","Anamanaguchi, Hatsune Miku","Miku"
"834355442","xander.","Monday"
"839961463","xander.","Monday"
"840009841","Hollywood Principle","Seeing What's Next"
"840837408","Hollywood Principle","Firework"
"840853771","Teddy Killerz","Fight Me"
"847631874","Direct","Ghost"
"848094805","Conro","All Me"
"848437134","","Anthem_Crickets_Audience_03"
"848528642","Tokyo Machine","FAR OUT (VIP)"
"850782229","Rusko","Rubix Cube"
"850933468","CloudNone, Direct, Mr FijiWiji, & Chxse","Stained Glass"
"850955084","Kaskade","Closer"
"852906641","Trixie Mattel","Hello Hello"
"853773918","zensei","stay"
"853854627","Alan Walker","Club Leclerc (Racers Mix)"
"854922715","Hollywood Principle","Breathing Underwater (VIP)"
"859423511","Cochise","LONG WAY"
"860245933","No Mana & SOFI","Digital Friends"
"861285154","","NSYNC_ByeByeBye"
"861721088","Mike Ault and Abandoned Carnival","Hard Buzz"
"862776882","zensei","games"
"863232333","Fairlane & Silverstein","Take It Back"
"864541586","TheFatRat","Infinite Power!"
"864997266","Habstrakt & Bellecour","Lasagne"
"866571429","deadmau5","What a Save"
"866881747","Psyonix","R.A.V.E."
"867303225","","Anthem_Crickets_Loop_01"
"867536535","Caster","Ostinato"
"868313597","blink-182","All The Small Things"
"868339646","Kevin Riepl","Cerebi"
"868547139","","Anthem_Hero"
"869115949","Dion Timmer","Internet Boy (feat. Micah Martin)"
"869867731","Duumu","Worst Part of Heaven (feat. Trove)"
"870650067","","U33_House_Tropical_116_B"
"872347901","BEAUZ","Outerspace"
"873092295","MUZZ","Rain Dance"
"873251612","deadmau5","Patience"
"873881337"," wnboss & Selva","RIOT"
"877309821","Hollywood Principle & Dr. Awkward","Solar Eclipses (VIP)"
"877612260","zensei & Delaney Kai","sound therapy"
"877916951","Tokyo Machine","FLY"
"877938501","Julie Buchanan","Lemon Pump"
"878033477","Frostycat","Revenger [LoFi]"
"880638321","Hollywood Principle","Spell (Sando Remix)"
"883638762","ryo (supercell) feat. Hatsune Miku","World Is Mine"
"885896795","deadmau5","Ghosts 'n' Stuff"
"886007212","F.O.O.L & Extra Terra","AGONIZE"
"890008211","helloworld","2hard2letgo"
"891584875","Rogue","Let's Talk"
"891771221","Bad Computer","Silhouette (feat. Skyelle) (Feed Me Remix)"
"893591604","NF","LET EM PRAY"
"898239923","Ellis","Orbit"
"899411316","F.O.O.L & SKUM","Mothership"
"899604389","Half an Orange & WRLD","Scared"
"899963401","helloworld","2hard2letgo"
"900303761","NF","HOPE"
"901070040","Grant","Wishes (feat. McCall)"
"901460048","Julian Calor","No Fear Anymore (feat. Ava Silver)"
"902201983","","JulieBuchanan_Vol1_ID_05"
"902221093","Bad Computer & Ryan Coss","4D"
"902712928","Purrple Cat","First Snow"
"902899790","Dustycloud","Good Time"
"902904489","Just A Gent & Nevve","Open Spaces (VIP)"
"904316638","Infected Mushroom","Walking On The Moon (Bad Computer Remix)"
"904625241","Yula","Feel Again"
"906019181","Tokyo Machine","EPIC"
"909771193","F.O.O.L & PYLOT","The Law"
"909839913","Slushii","All I Need"
"911773112","Kaskade & WILL K","Flip Reset"
"912473045","Noisestorm","Crab Rave"
"912657285","Feint","Atlas"
"913921716","","BritneySpears_Toxic"
"915287063","AL3JANDRO","So Good"
"915940273","OddKidOut","CODES (feat. Macntaj)"
"916710749","nuphory","Leave The World Behind feat. Luna Lenta"
"917870473","Koven","Turning Point (Worlds Rework)"
"918190836","Kaskade & WILL K","Flip Reset"
"920320982","Saxsquatch & Half an Orange","Moondance"
"921406560","Mike Ault","Flying Forever (feat. Morgan Perry)"
"922788769","Drunk Girl","Don't Stop The Party (feat. Deanna)"
"923455551","PegboardNerds","Disconnected"
"924376792","Rogue","Night After Night"
"925032199","","Anthem_DemoDisc20XX_01"
"926502865","Hollywood Principle","Breathing Underwater (Ether Remix)"
"926976447","Candyland","Nirvana"
"928507950","Stephen Walking","Odin's Ghost"
"928925416","Psyonix","R.A.V.E."
"929487056","LTN pres. Ghostbeat","We Are All Equal"
"931824403","Jason Ross","No Tomorrow feat. Brandyn Burnette"
"932775760","ORACLE & Holochrome","Run Right Back"
"933603531","Epic Games","What A Save!"
"936187302","","PhillBoucher_Hope"
"936803680","Stephen Walking","Glide"
"938329331","Bhaskar & Afterclapp","N o Sei Parar"
"939540666","Metallica","Fuel"
"939968588","Grant","Wishes (feat. McCall)"
"941021782","Athena, smle & Isaac App","Moment (Worlds Version)"
"941319502","Cochise","LONG WAY"
"941500264","Nigel Good","One Plus Space"
"941907959","Feint","Fading Wind"
"943345672","F.O.O.L & SKUM","Mothership"
"944286965","V J, F.O.O.L, Asketa","Gravitation"
"944523577","deadmau5","Ghosts 'n' Stuff"
"945734058","Carola","Work My Body"
"947166265","Koven","Take It Away"
"947381699","Half an Orange","Mark Twain (Glacier Remix)"
"947790530","Floa & Lovlee","Find You"
"948145172","Slippy","Flow"
"948514996","conro","All I Want"
"949118535","Rusko","Rubix Cube"
"950564241","conro","All I Want"
"951148756","zensei","oasis"
"951315721","Epic Games","Salty Shred"
"951784990","Frostycat","Glide [LoFi]"
"952079839","Tokyo Machine x Teminite x Boom Kitty","BUSTED"
"954028487","SKYLER","Fall"
"954488615","Xilent","the_darkness"
"954544452","Ellis","Orbit (Thorne Remix)"
"955543907","Vindata","Good 4 Me"
"956229553","xander.","Monday"
"959156040","deadmau5","What a Save"
"959459943","Big Freedia","Platinum"
"960539356","Subtact","Call Me"
"961755726","Liu, Samantha Machado","Nave Espacial"
"961828371","F.O.O.L","Machine"
"962836237","Epic Games","Neon Dream"
"963228156","Zero Hero","Twilight"
"963474118","Bad Computer","Undefined"
"963981264","Bad Computer","Silhouette (feat. Skyelle)"
"963993114","Tony Romera","My Mind (feat. Karina Ramage)"
"964965779","Dion Timmer","Shiawase VIP"
"968232920","WHIPPED CREAM","CRY"
"968280593","AL3JANDRO","Sugar Free"
"968319914","FWLR","Bust It Out"
"970014537","Mike Ault","Game Time (feat. Dr. Awkward)"
"970286464","Godlands","SICKO"
"971047161","The Winstons","Amen Brother"
"971390977","Mike Ault and Christian De La Torre","Darkness"
"973206765","","GeorgeMichael_CarelessWhisper"
"973310904","deadmau5","Strobe (Radio Edit)"
"973627014","Ellis","Orbit"
"974568283","Aether","Airborne"
"976556632","No Mana & Leyla Diamondi","Luxor Aeterna"
"976709907","F.O.O.L","Revenger"
"977700528","Epic Games","Bob's Ramen Jingle"
"978089165","","BritneySpears_OopsIDidItAgain"
"978183563","Blanke & AUDIA","Data"
"978795169","Throttle","Japan VIP"
"979230866","Koven","Light Up"
"979410137","zensei","marina del rey"
"979687925","Kaskade","Closer"
"982070486","Bossfight","Shadow (feat. JT Roach & RUNN)"
"982362125","Half an Orange & WRLD","Scared"
"983143445","The Weeknd ft. Daft Punk","Starboy"
"983233321","Ezekiel","lost & found"
"983345527","Throttle","Cities"
"984911954","Conro & Haris","Nothin On You"
"985926590","ryo (supercell) feat. Hatsune Miku","World Is Mine"
"986597814","Koven","Turning Point (Worlds Rework)"
"987664422","Arcando & Pirapus","Ultrasound"
"988899918","ARMNHMR","Falling Apart (feat. RUNN)"
"989137115","Hollywood Principle & Dr. Awkward","Solar Eclipses (VIP)"
"989408186","Protostar","There and Back"
"992569909","Phill Boucher","Awakening"
"992656043","V J, F.O.O.L, Asketa","Gravitation"
"992736210","Alan Walker","Beautiful Nightmare (feat. bludnymph)"
"993128445","MUZZ","Lost Forever"
"993549143","Hollywood Principle","Seeing What's Next"
"993900953","Odsen & Katrine Steinbekk","Horizon"
"998027878","Purrple Cat","Winter Morning"
"998147270","Angara & Bound to Divide","Odyssey"
"998789498","MUZZ","Rain Dance"
"1001040399","Dxrk","RAVE"
"1001095008","Going Quantum & hayve","Double Tap"
"1001966807","Epic Games","If You Like To Go Fast"
"1002781121","Bossfight","Endgame"
"1003894207","Tokyo Machine","STEREO"
"1004959588","","JulieBuchanan_Vol1_ID_04"
"1004981880","","ProjectGavel_02"
"1006550454","Grant & Emily Vaughn","Move On"
"1008183011","Mike Ault","Angel Wings (feat. Avianna Acid)"
"1008257486","RZRKT","Dread"
"1008395929","Tokyo Machine","ROCK IT"
"1008396034","Stonebank","Keep Up The Pace"
"1009499359","No Mana","Solarpunk"
"1010216992","Mike Ault","Angel Wings (feat. Avianna Acid)"
"1010419970","ORACLE & Nina Carr","Golden"
"1011095162","Liu, Samantha Machado","Nave Espacial"
"1012596388","Grant","Color (feat. Juneau)"
"1015488559","Vikkstar & Masked Wolf","Know Me Better (feat. Jme)"
"1016078187","Epic Games","Gulf Stream Groove"
"1016334278","Stephen Walking","Dads In Space"
"1016389483","","MengyuanXu_RLCN_01_RLedit"
"1018251010","No Mana, vowl. & Leyla Diamondi","Falling In Love"
"1018562606","Frostycat","Gold [LoFi]"
"1018637404","Dion Timmer","Internet Boy (feat. Micah Martin)"
"1019924526","Teddy Killerz & Pegboard Nerds","Pump"
"1020998298","Aether","Airborne"
"1021282001","MUZZ","Born For This (CITYWLKR Remix)"
"1021976085","","Anthem_FiestaLatina_SoccarBroadcaster_Goal_03"
"1022907283","Epic Games","Show Me The Stars"
"1025681855","Bishu","ENEMY (feat. dabl)"
"1028642923","Hollywood Principle","Breathing Underwater (VIP)"
"1030871036","ARMNHMR & Nurko","Won't Make A Sound (feat. Micah Martin)"
"1031239938","Habstrakt & Bellecour","Lasagne"
"1032070721","Epic Audio Team","Battle Bus Remix"
"1032114520","Dirtyphonics","Burbank Nights"
"1032235829","F.O.O.L","Redshift"
"1035014214","Fairlane & Silverstein","Take It Back"
"1035432657","Godlands","ALL NIGHT"
"1035547060","Rootkit","Oh You"
"1036121706","Kevin Riepl","Insomnia"
"1036465454","Carola","Safer Place (feat. LUX)"
"1037614254","F.O.O.L & THIRST","Motor"
"1037786990","","LadyGaga_BornThisWay"
"1038381624","deadmau5","Strobe (Radio Edit)"
"1039907616","SABAI","Mirror (feat. Danni Carra)"
"1040308221","BEAUZ, Miles Away & RYYZN","Never Let You Down"
"1041026943","Estiva","Parlez-Vous"
"1041413003","Vikkstar & Masked Wolf","Know Me Better (feat. Jme)"
"1043385615","Godlands","SLEEPER"
"1043446681","Mazare & Story Untold","The Losers Club"
"1044874150","AK","Back Again"
"1047101373","","JulieBuchanan_Vol1_ID_01"
"1047270032","Hollywood Principle","Firework (Melad Remix)"
"1047332183","Stonebank","Stronger (feat. EMEL)"
"1047453929","","BackstreetBoys_IWantItThatWay"
"1047534357","Tokyo Machine","ROCK IT VIP"
"1048351427","Phill Boucher","Reconcile"
"1050425017","Internet Girl","TREAT HIM LIKE A BABY"
"1051299068","","Anthem_BirthdayBall_03"
"1051429620","Phill Boucher","Grow"
"1052081434","Tonga","Better Days"
"1053486495","Crankdat","Power Stone"
"1054267821","","Caster_TheSixOfWands_48Khz24Bit"
"1055658418","","Anthem_FiestaLatina_SoccarBroadcaster_MVP_01"
"1057858573","","Anthem_Overtime_Theme"
"1059452317","Throttle","Cities"
"1059579354","Slow Motion & LoudTech","Go Back"
"1059932619","Frostycat","Duality [LoFi]"
"1060233894","Noisestorm","Crab Rave"
"1063164118","Koven &  ON:MODE","Polarised"
"1063194153","WHIPPED CREAM","Light of Mine"
"1063659060","Shingo Nakamura","Glow"
"1067403078","Goldfinger","Superman"
"1068651641","Inverness and Jack Newsome","I Remember"
"1069627878","","JohnCarpenter_HalloweenTheme"
"1071977307","Dion Timmer","Shiawase"
"1072705922","Daft Punk ft. Pharrell Williams and Nile Rodgers","Get Lucky"
"1073198515","Mike Ault","Love Thru The Night (feat. Morgan Perry)"